Date,Reddit_Sentiment
2025-09-10,0.1099871526484371
2025-09-11,0.1057422133351044
2025-09-12,0.0998909450725093
2025-09-13,0.0430832999226626
2025-09-14,0.0795097007904515
2025-09-15,0.0791053601717083
2025-09-16,0.0499244111428388
2025-09-17,0.1427906926537382
2025-09-18,0.1129316615554082
2025-10-14,0.0749713358798832
2025-10-15,0.0725777748946609
2025-10-16,0.0591297928404373
2025-10-17,0.0860005285088515
2025-10-18,0.1182447607937037
2025-10-19,0.0138395108007912
2025-10-20,-0.0008143146657042997
2025-10-21,0.09449974476715026
2025-10-22,0.08457031141941641
2025-10-23,0.09738689495473782
2025-10-24,0.11054827512531383
2025-10-25,0.1048442099448633
2025-10-26,0.07272206199140113
2025-10-27,0.07351617647924466
